name,company,email,phone,location,industry,source_url
,Thunder Restoration LLC,,,"Palm Beach, FL",mold remediation,https://www.bbb.org/us/fl/west-palm-beach/profile/water-damage-restoration/thunder-restoration-llc-0633-90602980
,"Dean Mitchell Restoration, Inc.",,(561) 881-8567,"561) 881-8567 3220 45th St # B , West Palm Beach, FL 33407",mold remediation,https://www.bbb.org/us/fl/west-palm-beach/profile/restoration-companies/dean-mitchell-restoration-inc-0633-90120162
,Spartan Restoration and Cleaning,,,"Palm Beach, FL",mold remediation,https://www.bbb.org/us/fl/lake-worth-beach/profile/restoration-companies/spartan-restoration-and-cleaning-0633-92028521
,"Titan Restoration Construction, Inc",,(561) 345-3751,"561) 345-3751 2701 Vista Pkwy Ste A7 , West Palm Beach, FL 33411",mold remediation,https://www.bbb.org/us/fl/west-palm-beach/profile/general-contractor/titan-restoration-construction-inc-0633-90310042
,"MoldOnly, Inc",,(866) 591-6653,"866) 591-6653 1233 Old Dixie Hwy STE 6 , Lake Park, FL 33403",mold remediation,https://www.bbb.org/us/fl/lake-park/profile/mold-removal/mold-only-inc-0633-92003961
,Preemptive Strike Environmental Inspections LLC,,,"Palm Beach, FL",mold remediation,https://www.bbb.org/us/fl/lake-worth/profile/environmental-testing/preemptive-strike-environmental-inspections-llc-0633-90547839
,"Jaime's Construction Services, LLC",,,"Palm Beach, FL",mold remediation,https://www.bbb.org/us/fl/palm-springs/profile/construction-services/jaimes-construction-services-llc-0633-90031092
,"Healthier Indoor Air, Inc.",,(561) 641-5966,"561) 641-5966 6788 Hendry Dr , Lake Worth, FL 33463",mold remediation,https://www.bbb.org/us/fl/lake-worth/profile/mold-remediation/healthier-indoor-air-inc-0633-4009751
,Fundisa Restoration Group,,(561) 352-3640,"561) 352-3640 931 Village Blvd # 905-168 , West Palm Beach, FL 33408",mold remediation,https://www.bbb.org/us/fl/west-palm-beach/profile/mold-removal/fundisa-restoration-group-0633-90316069
,MoldAnd Water Florida Inc,,(561) 221-2335,"561) 221-2335 4440 PGA Blvd Suite 600 , Palm Beach Gardens, FL 33410",mold remediation,https://www.bbb.org/us/fl/palm-beach-gardens/profile/mold-inspection/mold-and-water-florida-inc-0633-92048840
,"BiobustersRemediation, LLC",,(561) 570-7755,"561) 570-7755 2054 Vista Pkwy Ste 400 , West Palm Beach, FL 33411",mold remediation,https://www.bbb.org/us/fl/west-palm-beach/profile/mold-remediation/biobusters-remediation-llc-0633-90583105
,A PlusMoldRemediationInc.,,(561) 247-3506,"561) 247-3506 PO Box 210981 , Royal Palm Beach, FL 33421",mold remediation,https://www.bbb.org/us/fl/royal-palm-beach/profile/mold-remediation/a-plus-mold-remediation-inc-0633-90540570
,"Sani Effect Environmental, Inc",,(561) 621-7264,"561) 621-7264 2755 Vista Parkway , West Palm Beach, FL 33411",mold remediation,https://www.bbb.org/us/fl/west-palm-beach/profile/mold-remediation/sani-effect-environmental-inc-0633-90582107/addressId/121406
,Dri-Air Restoration LLC,,(561) 800-0270,"561) 800-0270 10698 Bobbie Ln , Royal Palm Beach, FL 33411",mold remediation,https://www.bbb.org/us/fl/royal-palm-beach/profile/mold-remediation/dri-air-restoration-llc-0633-90567206
,Nuno Cabral Consulting Services LLC,,(561) 502-0095,"561) 502-0095 9314 Forest Hill Blvd STE 20 , Wellington, FL 33411",mold remediation,https://www.bbb.org/us/fl/wellington/profile/handyman/nuno-cabral-consulting-services-llc-0633-90563726
,A-TeamRemediationServices Inc.,,(561) 568-5886,"561) 568-5886 13759 Temple Blvd , West Palm Beach, FL 33412",mold remediation,https://www.bbb.org/us/fl/west-palm-beach/profile/water-damage-restoration/a-team-remediation-services-inc-0633-90357825
,"Triumph Property Services, Inc.",,(561) 834-7739,"561) 834-7739 3600 S Congress Ave STE L , Boynton Beach, FL 33426",mold remediation,https://www.bbb.org/us/fl/boynton-beach/profile/mold-removal/triumph-property-services-inc-0633-92017563
,The Phoenix Restoration LLC,,(561) 779-2713,"Palm Beach, FL",mold remediation,https://www.bbb.org/us/fl/west-palm-beach/profile/mold-remediation/the-phoenix-restoration-llc-0633-92026436
,MoldRemediationAnd Water Restoration Pros,,,"Palm Beach, FL",mold remediation,https://www.bbb.org/us/fl/boynton-beach/profile/construction-services/suncoast-contractors-emergency-service-inc-0633-92021133
,"Red Line Restoration,Inc",,,"Palm Beach, FL",mold remediation,https://www.bbb.org/us/fl/boynton-beach/profile/mold-remediation/red-line-restorationinc-0633-90564946
,Fides Restoration LLC,,(561) 203-6083,"561) 203-6083 1475 Park Ln S Ste 3 , Jupiter, FL 33458",mold remediation,https://www.bbb.org/us/fl/jupiter/profile/restoration-companies/fides-restoration-llc-0633-92032614
,"USMold, Inc.",,(561) 748-2223,"561) 748-2223 612 N Orange Ave STE A4 , Jupiter, FL 33458",mold remediation,https://www.bbb.org/us/fl/jupiter/profile/mold-remediation/us-mold-inc-0633-26002977
,"MR 1 Source, LLC",,(561) 210-9494,"561) 210-9494 600 Capital St STE G , Jupiter, FL 33458",mold remediation,https://www.bbb.org/us/fl/jupiter/profile/mold-remediation/mr-1-source-llc-0633-90583300
,Top Flight Property Restoration LLC,,,"Palm Beach, FL",mold remediation,https://www.bbb.org/us/fl/jupiter/profile/restoration-companies/top-flight-property-restoration-llc-0633-92028639
,"Stanley Steemer of South Florida, Inc.",,,"Palm Beach, FL",mold remediation,https://www.bbb.org/us/fl/delray-beach/profile/carpet-and-rug-cleaners/stanley-steemer-of-south-florida-inc-0633-9742
,Shamrock Restoration,,(561) 275-5040,"561) 275-5040 1100 SW 10th St Ste L , Delray Beach, FL 33444",mold remediation,https://www.bbb.org/us/fl/delray-beach/profile/mold-remediation/shamrock-restoration-0633-90413388
,Eagle EyeMoldLLC,,(561) 654-1476,"561) 654-1476 902 Clint Moore Rd STE 120A , Boca Raton, FL 33487",mold remediation,https://www.bbb.org/us/fl/boca-raton/profile/mold-remediation/eagle-eye-mold-llc-0633-90567813
,ExpressMoldServices,,(561) 771-3272,"561) 771-3272 6560 W Rogers Cir STE 27 , Boca Raton, FL 33487",mold remediation,https://www.bbb.org/us/fl/boca-raton/profile/mold-remediation/express-emergency-services-inc-0633-90407093
,"J & R Restoration Services, Inc.",,,"Palm Beach, FL",mold remediation,https://www.bbb.org/us/fl/boca-raton/profile/mold-remediation/j-r-restoration-services-inc-0633-90101727
,"Build Masters, LC",,(561) 757-6587,"561) 757-6587 2420 NW 1st Ave , Boca Raton, FL 33431",mold remediation,https://www.bbb.org/us/fl/boca-raton/profile/construction-services/build-masters-lc-0633-92012788
,"Titan Restoration Construction, Inc",,(561) 345-3751,"561) 345-3751 2701 Vista Pkwy Ste A7 , West Palm Beach, FL 33411",mold remediation,https://www.bbb.org/us/fl/west-palm-beach/profile/general-contractor/titan-restoration-construction-inc-0633-90310042
,"Dean Mitchell Restoration, Inc.",,(561) 881-8567,"561) 881-8567 3220 45th St # B , West Palm Beach, FL 33407",mold remediation,https://www.bbb.org/us/fl/west-palm-beach/profile/restoration-companies/dean-mitchell-restoration-inc-0633-90120162
,Thunder Restoration LLC,,,"West Palm Beach, FL",mold remediation,https://www.bbb.org/us/fl/west-palm-beach/profile/water-damage-restoration/thunder-restoration-llc-0633-90602980
,"BiobustersRemediation, LLC",,(561) 570-7755,"561) 570-7755 2054 Vista Pkwy Ste 400 , West Palm Beach, FL 33411",mold remediation,https://www.bbb.org/us/fl/west-palm-beach/profile/mold-remediation/biobusters-remediation-llc-0633-90583105
,"Sani Effect Environmental, Inc",,(561) 621-7264,"561) 621-7264 2755 Vista Parkway , West Palm Beach, FL 33411",mold remediation,https://www.bbb.org/us/fl/west-palm-beach/profile/mold-remediation/sani-effect-environmental-inc-0633-90582107/addressId/121406
,Dri-Air Restoration LLC,,(561) 800-0270,"561) 800-0270 10698 Bobbie Ln , Royal Palm Beach, FL 33411",mold remediation,https://www.bbb.org/us/fl/royal-palm-beach/profile/mold-remediation/dri-air-restoration-llc-0633-90567206
,Nuno Cabral Consulting Services LLC,,(561) 502-0095,"561) 502-0095 9314 Forest Hill Blvd STE 20 , Wellington, FL 33411",mold remediation,https://www.bbb.org/us/fl/wellington/profile/handyman/nuno-cabral-consulting-services-llc-0633-90563726
,"MoldOnly, Inc",,(866) 591-6653,"866) 591-6653 1233 Old Dixie Hwy STE 6 , Lake Park, FL 33403",mold remediation,https://www.bbb.org/us/fl/lake-park/profile/mold-removal/mold-only-inc-0633-92003961
,A PlusMoldRemediationInc.,,(561) 247-3506,"561) 247-3506 PO Box 210981 , Royal Palm Beach, FL 33421",mold remediation,https://www.bbb.org/us/fl/royal-palm-beach/profile/mold-remediation/a-plus-mold-remediation-inc-0633-90540570
,A-TeamRemediationServices Inc.,,(561) 568-5886,"561) 568-5886 13759 Temple Blvd , West Palm Beach, FL 33412",mold remediation,https://www.bbb.org/us/fl/west-palm-beach/profile/water-damage-restoration/a-team-remediation-services-inc-0633-90357825
,Preemptive Strike Environmental Inspections LLC,,,"West Palm Beach, FL",mold remediation,https://www.bbb.org/us/fl/lake-worth/profile/environmental-testing/preemptive-strike-environmental-inspections-llc-0633-90547839
,"Jaime's Construction Services, LLC",,,"West Palm Beach, FL",mold remediation,https://www.bbb.org/us/fl/palm-springs/profile/construction-services/jaimes-construction-services-llc-0633-90031092
,MoldAnd Water Florida Inc,,(561) 221-2335,"561) 221-2335 4440 PGA Blvd Suite 600 , Palm Beach Gardens, FL 33410",mold remediation,https://www.bbb.org/us/fl/palm-beach-gardens/profile/mold-inspection/mold-and-water-florida-inc-0633-92048840
,Spartan Restoration and Cleaning,,,"West Palm Beach, FL",mold remediation,https://www.bbb.org/us/fl/lake-worth-beach/profile/restoration-companies/spartan-restoration-and-cleaning-0633-92028521
,The Phoenix Restoration LLC,,(561) 779-2713,"West Palm Beach, FL",mold remediation,https://www.bbb.org/us/fl/west-palm-beach/profile/mold-remediation/the-phoenix-restoration-llc-0633-92026436
,Fundisa Restoration Group,,(561) 352-3640,"561) 352-3640 931 Village Blvd # 905-168 , West Palm Beach, FL 33408",mold remediation,https://www.bbb.org/us/fl/west-palm-beach/profile/mold-removal/fundisa-restoration-group-0633-90316069
,"Healthier Indoor Air, Inc.",,(561) 641-5966,"561) 641-5966 6788 Hendry Dr , Lake Worth, FL 33463",mold remediation,https://www.bbb.org/us/fl/lake-worth/profile/mold-remediation/healthier-indoor-air-inc-0633-4009751
,Fides Restoration LLC,,(561) 203-6083,"561) 203-6083 1475 Park Ln S Ste 3 , Jupiter, FL 33458",mold remediation,https://www.bbb.org/us/fl/jupiter/profile/restoration-companies/fides-restoration-llc-0633-92032614
,"Triumph Property Services, Inc.",,(561) 834-7739,"561) 834-7739 3600 S Congress Ave STE L , Boynton Beach, FL 33426",mold remediation,https://www.bbb.org/us/fl/boynton-beach/profile/mold-removal/triumph-property-services-inc-0633-92017563
,"MR 1 Source, LLC",,(561) 210-9494,"561) 210-9494 600 Capital St STE G , Jupiter, FL 33458",mold remediation,https://www.bbb.org/us/fl/jupiter/profile/mold-remediation/mr-1-source-llc-0633-90583300
,Top Flight Property Restoration LLC,,,"West Palm Beach, FL",mold remediation,https://www.bbb.org/us/fl/jupiter/profile/restoration-companies/top-flight-property-restoration-llc-0633-92028639
,"USMold, Inc.",,(561) 748-2223,"561) 748-2223 612 N Orange Ave STE A4 , Jupiter, FL 33458",mold remediation,https://www.bbb.org/us/fl/jupiter/profile/mold-remediation/us-mold-inc-0633-26002977
,"Red Line Restoration,Inc",,,"West Palm Beach, FL",mold remediation,https://www.bbb.org/us/fl/boynton-beach/profile/mold-remediation/red-line-restorationinc-0633-90564946
,MoldRemediationAnd Water Restoration Pros,,,"West Palm Beach, FL",mold remediation,https://www.bbb.org/us/fl/boynton-beach/profile/construction-services/suncoast-contractors-emergency-service-inc-0633-92021133
,"Stanley Steemer of South Florida, Inc.",,,"West Palm Beach, FL",mold remediation,https://www.bbb.org/us/fl/delray-beach/profile/carpet-and-rug-cleaners/stanley-steemer-of-south-florida-inc-0633-9742
,Shamrock Restoration,,(561) 275-5040,"561) 275-5040 1100 SW 10th St Ste L , Delray Beach, FL 33444",mold remediation,https://www.bbb.org/us/fl/delray-beach/profile/mold-remediation/shamrock-restoration-0633-90413388
,Eagle EyeMoldLLC,,(561) 654-1476,"561) 654-1476 902 Clint Moore Rd STE 120A , Boca Raton, FL 33487",mold remediation,https://www.bbb.org/us/fl/boca-raton/profile/mold-remediation/eagle-eye-mold-llc-0633-90567813
,ExpressMoldServices,,(561) 771-3272,"561) 771-3272 6560 W Rogers Cir STE 27 , Boca Raton, FL 33487",mold remediation,https://www.bbb.org/us/fl/boca-raton/profile/mold-remediation/express-emergency-services-inc-0633-90407093
,"J & R Restoration Services, Inc.",,,"West Palm Beach, FL",mold remediation,https://www.bbb.org/us/fl/boca-raton/profile/mold-remediation/j-r-restoration-services-inc-0633-90101727
,"Build Masters, LC",,(561) 757-6587,"561) 757-6587 2420 NW 1st Ave , Boca Raton, FL 33431",mold remediation,https://www.bbb.org/us/fl/boca-raton/profile/construction-services/build-masters-lc-0633-92012788
,"J & R Restoration Services, Inc.",,,"Boca Raton, FL",mold remediation,https://www.bbb.org/us/fl/boca-raton/profile/mold-remediation/j-r-restoration-services-inc-0633-90101727
,"Build Masters, LC",,(561) 757-6587,"561) 757-6587 2420 NW 1st Ave , Boca Raton, FL 33431",mold remediation,https://www.bbb.org/us/fl/boca-raton/profile/construction-services/build-masters-lc-0633-92012788
,TheMoldInspector,,(954) 650-6742,"954) 650-6742 7108 Beracasa Way. Ste.280 , Boca Raton, FL 33433",mold remediation,https://www.bbb.org/us/fl/boca-raton/profile/mold-inspection/the-mold-inspector-0633-7003186/addressId/11703
,TheMoldInspector,,(954) 650-6742,"954) 650-6742 21613 Casa Monte Court , Boca Raton, FL 33433",mold remediation,https://www.bbb.org/us/fl/boca-raton/profile/mold-inspection/the-mold-inspector-0633-7003186
,Eagle EyeMoldLLC,,(561) 654-1476,"561) 654-1476 902 Clint Moore Rd STE 120A , Boca Raton, FL 33487",mold remediation,https://www.bbb.org/us/fl/boca-raton/profile/mold-remediation/eagle-eye-mold-llc-0633-90567813
,ExpressMoldServices,,(561) 771-3272,"561) 771-3272 6560 W Rogers Cir STE 27 , Boca Raton, FL 33487",mold remediation,https://www.bbb.org/us/fl/boca-raton/profile/mold-remediation/express-emergency-services-inc-0633-90407093
,PLUMR24-Rolling Rooter,,(844) 758-6724,"844) 758-6724 200 Glades Rd STE 2 , Boca Raton, FL 33432",mold remediation,https://www.bbb.org/us/fl/boca-raton/profile/plumber/plumr24-rolling-rooter-0633-90303068
,"All Claims Repairs, LLC",,(954) 456-6060,"954) 456-6060 426 SW 12th Ave , Deerfield Beach, FL 33442",mold remediation,https://www.bbb.org/us/fl/deerfield-beach/profile/fire-water-damage-restoration/all-claims-repairs-llc-0633-92038874/addressId/183843
,ASAP Restoration Corp.,,(954) 719-7013,"954) 719-7013 1805 S Powerline Rd STE A-106 , Deerfield Beach, FL 33442",mold remediation,https://www.bbb.org/us/fl/deerfield-beach/profile/mold-removal/asap-restoration-corp-0633-90140897
,"Stanley Steemer of South Florida, Inc.",,,"Boca Raton, FL",mold remediation,https://www.bbb.org/us/fl/delray-beach/profile/carpet-and-rug-cleaners/stanley-steemer-of-south-florida-inc-0633-9742
,Shamrock Restoration,,(561) 275-5040,"561) 275-5040 1100 SW 10th St Ste L , Delray Beach, FL 33444",mold remediation,https://www.bbb.org/us/fl/delray-beach/profile/mold-remediation/shamrock-restoration-0633-90413388
,GC General Inc.,,(786) 250-2020,"786) 250-2020 11230 Model Cir W , Boca Raton, FL 33428",mold remediation,https://www.bbb.org/us/fl/boca-raton/profile/general-contractor/gc-general-inc-0633-92023692
,"Certified Inspectors, LLC",,(561) 570-6311,"561) 570-6311 11419 W Palmetto Park Rd STE 971032 , Boca Raton, FL 33497",mold remediation,https://www.bbb.org/us/fl/boca-raton/profile/home-inspection/certified-inspectors-llc-0633-90568616
,"TravisMoldAssessor, LLC",,(954) 410-3671,"954) 410-3671 5287 NE 14th Ter , Pompano Beach, FL 33064",mold remediation,https://www.bbb.org/us/fl/pompano-beach/profile/mold-inspection/travis-mold-assessor-llc-0633-92032268
,"Res-Pro, LLC",,(833) 737-7760,"833) 737-7760 1717 SW 1st Way Ste 17 , Deerfield Beach, FL 33441",mold remediation,https://www.bbb.org/us/fl/deerfield-beach/profile/water-damage-restoration/res-pro-llc-0633-92045519
,"Restoration MD, Inc",,(561) 888-9102,"561) 888-9102 1940 NW 33rd Ct , Pompano Beach, FL 33064",mold remediation,https://www.bbb.org/us/fl/pompano-beach/profile/mold-remediation/restoration-md-inc-0633-90608530
,United Restoration,,(954) 979-8500,"954) 979-8500 2520 N Powerline Rd STE 304 , Pompano Beach, FL 33069",mold remediation,https://www.bbb.org/us/fl/pompano-beach/profile/fire-water-damage-restoration/united-restoration-0633-90036835
,MoldRemediationAnd Water Restoration Pros,,,"Boca Raton, FL",mold remediation,https://www.bbb.org/us/fl/boynton-beach/profile/construction-services/suncoast-contractors-emergency-service-inc-0633-92021133
,Moldman Boca Raton,,(561) 453-3065,"561) 453-3065 3301 N University Dr STE 100 PMB 1030 , Coral Springs, FL 33065",mold remediation,https://www.bbb.org/us/fl/coral-springs/profile/mold-remediation/moldman-boca-raton-0633-92045390
,H.R.P Restoration LLC,,,"Boca Raton, FL",mold remediation,https://www.bbb.org/us/fl/coral-springs/profile/fire-water-damage-restoration/hrp-restoration-llc-0633-92027975
,"Red Line Restoration,Inc",,,"Boca Raton, FL",mold remediation,https://www.bbb.org/us/fl/boynton-beach/profile/mold-remediation/red-line-restorationinc-0633-90564946
,Inibrec Development Company Inc.,,,"Boca Raton, FL",mold remediation,https://www.bbb.org/us/fl/pompano-beach/profile/general-contractor/inibrec-development-company-inc-0633-11002401/addressId/200756
,Inibrec Development Company Inc.,,,"Boca Raton, FL",mold remediation,https://www.bbb.org/us/fl/pompano-beach/profile/general-contractor/inibrec-development-company-inc-0633-11002401
,"Cat 1 Water Restoration, LLC",,,"Boca Raton, FL",mold remediation,https://www.bbb.org/us/fl/pompano-beach/profile/water-damage-restoration/cat-1-water-restoration-llc-0633-90142954
,Florida Environmental Diagnostics,,,"Boca Raton, FL",mold remediation,https://www.bbb.org/us/fl/coral-springs/profile/mold-remediation/florida-environmental-diagnostics-0633-90584739
,"Triumph Property Services, Inc.",,(561) 834-7739,"561) 834-7739 3600 S Congress Ave STE L , Boynton Beach, FL 33426",mold remediation,https://www.bbb.org/us/fl/boynton-beach/profile/mold-removal/triumph-property-services-inc-0633-92017563
,Full Service Pros LLC,,,"Boca Raton, FL",mold remediation,https://www.bbb.org/us/fl/pompano-beach/profile/fire-water-damage-restoration/full-service-pros-llc-0633-92037801
,Matts Services Fl Corp,,(954) 471-0683,"954) 471-0683 7546 W McNab Rd , Pompano Beach, FL 33068",mold remediation,https://www.bbb.org/us/fl/pompano-beach/profile/handyman/matts-services-fl-corp-0633-92044295
,Drysteam Cleaning & Restoration,,,"Boca Raton, FL",mold remediation,https://www.bbb.org/us/fl/fort-lauderdale/profile/carpet-and-rug-cleaners/drysteam-cleaning-restoration-0633-37000095
,AdvantaClean of Fort Lauderdale,,,"Boca Raton, FL",mold remediation,https://www.bbb.org/us/fl/oakland-park/profile/fire-water-damage-restoration/advantaclean-of-fort-lauderdale-0633-90345047
,MoldAnd Water Florida Inc,,(561) 221-2335,"561) 221-2335 4440 PGA Blvd Suite 600 , Palm Beach Gardens, FL 33410",mold remediation,https://www.bbb.org/us/fl/palm-beach-gardens/profile/mold-inspection/mold-and-water-florida-inc-0633-92048840
,Fundisa Restoration Group,,(561) 352-3640,"561) 352-3640 931 Village Blvd # 905-168 , West Palm Beach, FL 33408",mold remediation,https://www.bbb.org/us/fl/west-palm-beach/profile/mold-removal/fundisa-restoration-group-0633-90316069
,"MoldOnly, Inc",,(866) 591-6653,"866) 591-6653 1233 Old Dixie Hwy STE 6 , Lake Park, FL 33403",mold remediation,https://www.bbb.org/us/fl/lake-park/profile/mold-removal/mold-only-inc-0633-92003961
,"Dean Mitchell Restoration, Inc.",,(561) 881-8567,"561) 881-8567 3220 45th St # B , West Palm Beach, FL 33407",mold remediation,https://www.bbb.org/us/fl/west-palm-beach/profile/restoration-companies/dean-mitchell-restoration-inc-0633-90120162
,Fides Restoration LLC,,(561) 203-6083,"561) 203-6083 1475 Park Ln S Ste 3 , Jupiter, FL 33458",mold remediation,https://www.bbb.org/us/fl/jupiter/profile/restoration-companies/fides-restoration-llc-0633-92032614
,"MR 1 Source, LLC",,(561) 210-9494,"561) 210-9494 600 Capital St STE G , Jupiter, FL 33458",mold remediation,https://www.bbb.org/us/fl/jupiter/profile/mold-remediation/mr-1-source-llc-0633-90583300
,A-TeamRemediationServices Inc.,,(561) 568-5886,"561) 568-5886 13759 Temple Blvd , West Palm Beach, FL 33412",mold remediation,https://www.bbb.org/us/fl/west-palm-beach/profile/water-damage-restoration/a-team-remediation-services-inc-0633-90357825
,"USMold, Inc.",,(561) 748-2223,"561) 748-2223 612 N Orange Ave STE A4 , Jupiter, FL 33458",mold remediation,https://www.bbb.org/us/fl/jupiter/profile/mold-remediation/us-mold-inc-0633-26002977
,Top Flight Property Restoration LLC,,,"Palm Beach Gardens, FL",mold remediation,https://www.bbb.org/us/fl/jupiter/profile/restoration-companies/top-flight-property-restoration-llc-0633-92028639
,"Titan Restoration Construction, Inc",,(561) 345-3751,"561) 345-3751 2701 Vista Pkwy Ste A7 , West Palm Beach, FL 33411",mold remediation,https://www.bbb.org/us/fl/west-palm-beach/profile/general-contractor/titan-restoration-construction-inc-0633-90310042
,The Phoenix Restoration LLC,,(561) 779-2713,"Palm Beach Gardens, FL",mold remediation,https://www.bbb.org/us/fl/west-palm-beach/profile/mold-remediation/the-phoenix-restoration-llc-0633-92026436
,"Sani Effect Environmental, Inc",,(561) 621-7264,"561) 621-7264 2755 Vista Parkway , West Palm Beach, FL 33411",mold remediation,https://www.bbb.org/us/fl/west-palm-beach/profile/mold-remediation/sani-effect-environmental-inc-0633-90582107/addressId/121406
,Dri-Air Restoration LLC,,(561) 800-0270,"561) 800-0270 10698 Bobbie Ln , Royal Palm Beach, FL 33411",mold remediation,https://www.bbb.org/us/fl/royal-palm-beach/profile/mold-remediation/dri-air-restoration-llc-0633-90567206
,Nuno Cabral Consulting Services LLC,,(561) 502-0095,"561) 502-0095 9314 Forest Hill Blvd STE 20 , Wellington, FL 33411",mold remediation,https://www.bbb.org/us/fl/wellington/profile/handyman/nuno-cabral-consulting-services-llc-0633-90563726
,Thunder Restoration LLC,,,"Palm Beach Gardens, FL",mold remediation,https://www.bbb.org/us/fl/west-palm-beach/profile/water-damage-restoration/thunder-restoration-llc-0633-90602980
,"BiobustersRemediation, LLC",,(561) 570-7755,"561) 570-7755 2054 Vista Pkwy Ste 400 , West Palm Beach, FL 33411",mold remediation,https://www.bbb.org/us/fl/west-palm-beach/profile/mold-remediation/biobusters-remediation-llc-0633-90583105
,A PlusMoldRemediationInc.,,(561) 247-3506,"561) 247-3506 PO Box 210981 , Royal Palm Beach, FL 33421",mold remediation,https://www.bbb.org/us/fl/royal-palm-beach/profile/mold-remediation/a-plus-mold-remediation-inc-0633-90540570
,Preemptive Strike Environmental Inspections LLC,,,"Palm Beach Gardens, FL",mold remediation,https://www.bbb.org/us/fl/lake-worth/profile/environmental-testing/preemptive-strike-environmental-inspections-llc-0633-90547839
,"Jaime's Construction Services, LLC",,,"Palm Beach Gardens, FL",mold remediation,https://www.bbb.org/us/fl/palm-springs/profile/construction-services/jaimes-construction-services-llc-0633-90031092
,Spartan Restoration and Cleaning,,,"Palm Beach Gardens, FL",mold remediation,https://www.bbb.org/us/fl/lake-worth-beach/profile/restoration-companies/spartan-restoration-and-cleaning-0633-92028521
,"Healthier Indoor Air, Inc.",,(561) 641-5966,"561) 641-5966 6788 Hendry Dr , Lake Worth, FL 33463",mold remediation,https://www.bbb.org/us/fl/lake-worth/profile/mold-remediation/healthier-indoor-air-inc-0633-4009751
,"Triumph Property Services, Inc.",,(561) 834-7739,"561) 834-7739 3600 S Congress Ave STE L , Boynton Beach, FL 33426",mold remediation,https://www.bbb.org/us/fl/boynton-beach/profile/mold-removal/triumph-property-services-inc-0633-92017563
,Coastal Property Restoration,,,"Palm Beach Gardens, FL",mold remediation,https://www.bbb.org/us/fl/stuart/profile/fire-water-damage-restoration/coastal-property-restoration-0633-92015630
,"Red Line Restoration,Inc",,,"Palm Beach Gardens, FL",mold remediation,https://www.bbb.org/us/fl/boynton-beach/profile/mold-remediation/red-line-restorationinc-0633-90564946
,MoldRemediationAnd Water Restoration Pros,,,"Palm Beach Gardens, FL",mold remediation,https://www.bbb.org/us/fl/boynton-beach/profile/construction-services/suncoast-contractors-emergency-service-inc-0633-92021133
,"Home & Beyond Services, LLC",,(772) 877-9898,"772) 877-9898 840 SE 14th St , Stuart, FL 34994",mold remediation,https://www.bbb.org/us/fl/stuart/profile/handyman/home-beyond-services-llc-0633-92031089
,"DRYOUTpro PLUS, Inc.",,(772) 288-4222,"772) 288-4222 2670 SE Willoughby Blvd , Stuart, FL 34994",mold remediation,https://www.bbb.org/us/fl/stuart/profile/water-damage-restoration/dryoutpro-plus-inc-0633-90132235
,"Stanley Steemer of South Florida, Inc.",,,"Palm Beach Gardens, FL",mold remediation,https://www.bbb.org/us/fl/delray-beach/profile/carpet-and-rug-cleaners/stanley-steemer-of-south-florida-inc-0633-9742
,Shamrock Restoration,,(561) 275-5040,"561) 275-5040 1100 SW 10th St Ste L , Delray Beach, FL 33444",mold remediation,https://www.bbb.org/us/fl/delray-beach/profile/mold-remediation/shamrock-restoration-0633-90413388
,Eagle EyeMoldLLC,,(561) 654-1476,"561) 654-1476 902 Clint Moore Rd STE 120A , Boca Raton, FL 33487",mold remediation,https://www.bbb.org/us/fl/boca-raton/profile/mold-remediation/eagle-eye-mold-llc-0633-90567813
,"MR 1 Source, LLC",,(561) 210-9494,"561) 210-9494 600 Capital St STE G , Jupiter, FL 33458",mold remediation,https://www.bbb.org/us/fl/jupiter/profile/mold-remediation/mr-1-source-llc-0633-90583300
,Fides Restoration LLC,,(561) 203-6083,"561) 203-6083 1475 Park Ln S Ste 3 , Jupiter, FL 33458",mold remediation,https://www.bbb.org/us/fl/jupiter/profile/restoration-companies/fides-restoration-llc-0633-92032614
,Top Flight Property Restoration LLC,,,"Jupiter, FL",mold remediation,https://www.bbb.org/us/fl/jupiter/profile/restoration-companies/top-flight-property-restoration-llc-0633-92028639
,"USMold, Inc.",,(561) 748-2223,"561) 748-2223 612 N Orange Ave STE A4 , Jupiter, FL 33458",mold remediation,https://www.bbb.org/us/fl/jupiter/profile/mold-remediation/us-mold-inc-0633-26002977
,MoldAnd Water Florida Inc,,(561) 221-2335,"561) 221-2335 4440 PGA Blvd Suite 600 , Palm Beach Gardens, FL 33410",mold remediation,https://www.bbb.org/us/fl/palm-beach-gardens/profile/mold-inspection/mold-and-water-florida-inc-0633-92048840
,Fundisa Restoration Group,,(561) 352-3640,"561) 352-3640 931 Village Blvd # 905-168 , West Palm Beach, FL 33408",mold remediation,https://www.bbb.org/us/fl/west-palm-beach/profile/mold-removal/fundisa-restoration-group-0633-90316069
,"MoldOnly, Inc",,(866) 591-6653,"866) 591-6653 1233 Old Dixie Hwy STE 6 , Lake Park, FL 33403",mold remediation,https://www.bbb.org/us/fl/lake-park/profile/mold-removal/mold-only-inc-0633-92003961
,A-TeamRemediationServices Inc.,,(561) 568-5886,"561) 568-5886 13759 Temple Blvd , West Palm Beach, FL 33412",mold remediation,https://www.bbb.org/us/fl/west-palm-beach/profile/water-damage-restoration/a-team-remediation-services-inc-0633-90357825
,The Phoenix Restoration LLC,,(561) 779-2713,"Jupiter, FL",mold remediation,https://www.bbb.org/us/fl/west-palm-beach/profile/mold-remediation/the-phoenix-restoration-llc-0633-92026436
,"Dean Mitchell Restoration, Inc.",,(561) 881-8567,"561) 881-8567 3220 45th St # B , West Palm Beach, FL 33407",mold remediation,https://www.bbb.org/us/fl/west-palm-beach/profile/restoration-companies/dean-mitchell-restoration-inc-0633-90120162
,"Sani Effect Environmental, Inc",,(561) 621-7264,"561) 621-7264 2755 Vista Parkway , West Palm Beach, FL 33411",mold remediation,https://www.bbb.org/us/fl/west-palm-beach/profile/mold-remediation/sani-effect-environmental-inc-0633-90582107/addressId/121406
,Dri-Air Restoration LLC,,(561) 800-0270,"561) 800-0270 10698 Bobbie Ln , Royal Palm Beach, FL 33411",mold remediation,https://www.bbb.org/us/fl/royal-palm-beach/profile/mold-remediation/dri-air-restoration-llc-0633-90567206
,Nuno Cabral Consulting Services LLC,,(561) 502-0095,"561) 502-0095 9314 Forest Hill Blvd STE 20 , Wellington, FL 33411",mold remediation,https://www.bbb.org/us/fl/wellington/profile/handyman/nuno-cabral-consulting-services-llc-0633-90563726
,Coastal Property Restoration,,,"Jupiter, FL",mold remediation,https://www.bbb.org/us/fl/stuart/profile/fire-water-damage-restoration/coastal-property-restoration-0633-92015630
,"Titan Restoration Construction, Inc",,(561) 345-3751,"561) 345-3751 2701 Vista Pkwy Ste A7 , West Palm Beach, FL 33411",mold remediation,https://www.bbb.org/us/fl/west-palm-beach/profile/general-contractor/titan-restoration-construction-inc-0633-90310042
,"BiobustersRemediation, LLC",,(561) 570-7755,"561) 570-7755 2054 Vista Pkwy Ste 400 , West Palm Beach, FL 33411",mold remediation,https://www.bbb.org/us/fl/west-palm-beach/profile/mold-remediation/biobusters-remediation-llc-0633-90583105
,Thunder Restoration LLC,,,"Jupiter, FL",mold remediation,https://www.bbb.org/us/fl/west-palm-beach/profile/water-damage-restoration/thunder-restoration-llc-0633-90602980
,A PlusMoldRemediationInc.,,(561) 247-3506,"561) 247-3506 PO Box 210981 , Royal Palm Beach, FL 33421",mold remediation,https://www.bbb.org/us/fl/royal-palm-beach/profile/mold-remediation/a-plus-mold-remediation-inc-0633-90540570
,"Home & Beyond Services, LLC",,(772) 877-9898,"772) 877-9898 840 SE 14th St , Stuart, FL 34994",mold remediation,https://www.bbb.org/us/fl/stuart/profile/handyman/home-beyond-services-llc-0633-92031089
,"DRYOUTpro PLUS, Inc.",,(772) 288-4222,"772) 288-4222 2670 SE Willoughby Blvd , Stuart, FL 34994",mold remediation,https://www.bbb.org/us/fl/stuart/profile/water-damage-restoration/dryoutpro-plus-inc-0633-90132235
,Preemptive Strike Environmental Inspections LLC,,,"Jupiter, FL",mold remediation,https://www.bbb.org/us/fl/lake-worth/profile/environmental-testing/preemptive-strike-environmental-inspections-llc-0633-90547839
,"Jaime's Construction Services, LLC",,,"Jupiter, FL",mold remediation,https://www.bbb.org/us/fl/palm-springs/profile/construction-services/jaimes-construction-services-llc-0633-90031092
,Spartan Restoration and Cleaning,,,"Jupiter, FL",mold remediation,https://www.bbb.org/us/fl/lake-worth-beach/profile/restoration-companies/spartan-restoration-and-cleaning-0633-92028521
,"Healthier Indoor Air, Inc.",,(561) 641-5966,"561) 641-5966 6788 Hendry Dr , Lake Worth, FL 33463",mold remediation,https://www.bbb.org/us/fl/lake-worth/profile/mold-remediation/healthier-indoor-air-inc-0633-4009751
,Paul Davis Restoration of the Treasure Coast,,,"Jupiter, FL",mold remediation,https://www.bbb.org/us/fl/port-saint-lucie/profile/construction-services/paul-davis-restoration-of-the-treasure-coast-0633-11000546
,"HVAC Building Solutions, Corp",,,"Jupiter, FL",mold remediation,https://www.bbb.org/us/fl/port-saint-lucie/profile/air-conditioning-contractor/hvac-building-solutions-corp-0633-90552949
,Wet Out Restoration,,(772) 281-2488,"772) 281-2488 1532 SE Village Green Dr Ste 1 , Port St Lucie, FL 34952",mold remediation,https://www.bbb.org/us/fl/port-st-lucie/profile/mold-remediation/wet-out-restoration-0633-90582136
,"Triumph Property Services, Inc.",,(561) 834-7739,"561) 834-7739 3600 S Congress Ave STE L , Boynton Beach, FL 33426",mold remediation,https://www.bbb.org/us/fl/boynton-beach/profile/mold-removal/triumph-property-services-inc-0633-92017563
,"Red Line Restoration,Inc",,,"Jupiter, FL",mold remediation,https://www.bbb.org/us/fl/boynton-beach/profile/mold-remediation/red-line-restorationinc-0633-90564946
,MoldRemediationAnd Water Restoration Pros,,,"Jupiter, FL",mold remediation,https://www.bbb.org/us/fl/boynton-beach/profile/construction-services/suncoast-contractors-emergency-service-inc-0633-92021133
,"Stanley Steemer of South Florida, Inc.",,,"Delray Beach, FL",mold remediation,https://www.bbb.org/us/fl/delray-beach/profile/carpet-and-rug-cleaners/stanley-steemer-of-south-florida-inc-0633-9742
,Shamrock Restoration,,(561) 275-5040,"561) 275-5040 1100 SW 10th St Ste L , Delray Beach, FL 33444",mold remediation,https://www.bbb.org/us/fl/delray-beach/profile/mold-remediation/shamrock-restoration-0633-90413388
,MoldRemediationAnd Water Restoration Pros,,,"Delray Beach, FL",mold remediation,https://www.bbb.org/us/fl/boynton-beach/profile/construction-services/suncoast-contractors-emergency-service-inc-0633-92021133
,Eagle EyeMoldLLC,,(561) 654-1476,"561) 654-1476 902 Clint Moore Rd STE 120A , Boca Raton, FL 33487",mold remediation,https://www.bbb.org/us/fl/boca-raton/profile/mold-remediation/eagle-eye-mold-llc-0633-90567813
,ExpressMoldServices,,(561) 771-3272,"561) 771-3272 6560 W Rogers Cir STE 27 , Boca Raton, FL 33487",mold remediation,https://www.bbb.org/us/fl/boca-raton/profile/mold-remediation/express-emergency-services-inc-0633-90407093
,"Triumph Property Services, Inc.",,(561) 834-7739,"561) 834-7739 3600 S Congress Ave STE L , Boynton Beach, FL 33426",mold remediation,https://www.bbb.org/us/fl/boynton-beach/profile/mold-removal/triumph-property-services-inc-0633-92017563
,"Red Line Restoration,Inc",,,"Delray Beach, FL",mold remediation,https://www.bbb.org/us/fl/boynton-beach/profile/mold-remediation/red-line-restorationinc-0633-90564946
,"J & R Restoration Services, Inc.",,,"Delray Beach, FL",mold remediation,https://www.bbb.org/us/fl/boca-raton/profile/mold-remediation/j-r-restoration-services-inc-0633-90101727
,"Build Masters, LC",,(561) 757-6587,"561) 757-6587 2420 NW 1st Ave , Boca Raton, FL 33431",mold remediation,https://www.bbb.org/us/fl/boca-raton/profile/construction-services/build-masters-lc-0633-92012788
,PLUMR24-Rolling Rooter,,(844) 758-6724,"844) 758-6724 200 Glades Rd STE 2 , Boca Raton, FL 33432",mold remediation,https://www.bbb.org/us/fl/boca-raton/profile/plumber/plumr24-rolling-rooter-0633-90303068
,TheMoldInspector,,(954) 650-6742,"954) 650-6742 7108 Beracasa Way. Ste.280 , Boca Raton, FL 33433",mold remediation,https://www.bbb.org/us/fl/boca-raton/profile/mold-inspection/the-mold-inspector-0633-7003186/addressId/11703
,TheMoldInspector,,(954) 650-6742,"954) 650-6742 21613 Casa Monte Court , Boca Raton, FL 33433",mold remediation,https://www.bbb.org/us/fl/boca-raton/profile/mold-inspection/the-mold-inspector-0633-7003186
,"Healthier Indoor Air, Inc.",,(561) 641-5966,"561) 641-5966 6788 Hendry Dr , Lake Worth, FL 33463",mold remediation,https://www.bbb.org/us/fl/lake-worth/profile/mold-remediation/healthier-indoor-air-inc-0633-4009751
,"All Claims Repairs, LLC",,(954) 456-6060,"954) 456-6060 426 SW 12th Ave , Deerfield Beach, FL 33442",mold remediation,https://www.bbb.org/us/fl/deerfield-beach/profile/fire-water-damage-restoration/all-claims-repairs-llc-0633-92038874/addressId/183843
,"Certified Inspectors, LLC",,(561) 570-6311,"561) 570-6311 11419 W Palmetto Park Rd STE 971032 , Boca Raton, FL 33497",mold remediation,https://www.bbb.org/us/fl/boca-raton/profile/home-inspection/certified-inspectors-llc-0633-90568616
,ASAP Restoration Corp.,,(954) 719-7013,"954) 719-7013 1805 S Powerline Rd STE A-106 , Deerfield Beach, FL 33442",mold remediation,https://www.bbb.org/us/fl/deerfield-beach/profile/mold-removal/asap-restoration-corp-0633-90140897
,GC General Inc.,,(786) 250-2020,"786) 250-2020 11230 Model Cir W , Boca Raton, FL 33428",mold remediation,https://www.bbb.org/us/fl/boca-raton/profile/general-contractor/gc-general-inc-0633-92023692
,Preemptive Strike Environmental Inspections LLC,,,"Delray Beach, FL",mold remediation,https://www.bbb.org/us/fl/lake-worth/profile/environmental-testing/preemptive-strike-environmental-inspections-llc-0633-90547839
,"Jaime's Construction Services, LLC",,,"Delray Beach, FL",mold remediation,https://www.bbb.org/us/fl/palm-springs/profile/construction-services/jaimes-construction-services-llc-0633-90031092
,"TravisMoldAssessor, LLC",,(954) 410-3671,"954) 410-3671 5287 NE 14th Ter , Pompano Beach, FL 33064",mold remediation,https://www.bbb.org/us/fl/pompano-beach/profile/mold-inspection/travis-mold-assessor-llc-0633-92032268
,"Res-Pro, LLC",,(833) 737-7760,"833) 737-7760 1717 SW 1st Way Ste 17 , Deerfield Beach, FL 33441",mold remediation,https://www.bbb.org/us/fl/deerfield-beach/profile/water-damage-restoration/res-pro-llc-0633-92045519
,Spartan Restoration and Cleaning,,,"Delray Beach, FL",mold remediation,https://www.bbb.org/us/fl/lake-worth-beach/profile/restoration-companies/spartan-restoration-and-cleaning-0633-92028521
,"Restoration MD, Inc",,(561) 888-9102,"561) 888-9102 1940 NW 33rd Ct , Pompano Beach, FL 33064",mold remediation,https://www.bbb.org/us/fl/pompano-beach/profile/mold-remediation/restoration-md-inc-0633-90608530
,United Restoration,,(954) 979-8500,"954) 979-8500 2520 N Powerline Rd STE 304 , Pompano Beach, FL 33069",mold remediation,https://www.bbb.org/us/fl/pompano-beach/profile/fire-water-damage-restoration/united-restoration-0633-90036835
,Moldman Boca Raton,,(561) 453-3065,"561) 453-3065 3301 N University Dr STE 100 PMB 1030 , Coral Springs, FL 33065",mold remediation,https://www.bbb.org/us/fl/coral-springs/profile/mold-remediation/moldman-boca-raton-0633-92045390
,H.R.P Restoration LLC,,,"Delray Beach, FL",mold remediation,https://www.bbb.org/us/fl/coral-springs/profile/fire-water-damage-restoration/hrp-restoration-llc-0633-92027975
,Inibrec Development Company Inc.,,,"Delray Beach, FL",mold remediation,https://www.bbb.org/us/fl/pompano-beach/profile/general-contractor/inibrec-development-company-inc-0633-11002401/addressId/200756
,"Cat 1 Water Restoration, LLC",,,"Delray Beach, FL",mold remediation,https://www.bbb.org/us/fl/pompano-beach/profile/water-damage-restoration/cat-1-water-restoration-llc-0633-90142954
,Inibrec Development Company Inc.,,,"Delray Beach, FL",mold remediation,https://www.bbb.org/us/fl/pompano-beach/profile/general-contractor/inibrec-development-company-inc-0633-11002401
,Florida Environmental Diagnostics,,,"Delray Beach, FL",mold remediation,https://www.bbb.org/us/fl/coral-springs/profile/mold-remediation/florida-environmental-diagnostics-0633-90584739
,"Red Line Restoration,Inc",,,"Boynton Beach, FL",mold remediation,https://www.bbb.org/us/fl/boynton-beach/profile/mold-remediation/red-line-restorationinc-0633-90564946
,MoldRemediationAnd Water Restoration Pros,,,"Boynton Beach, FL",mold remediation,https://www.bbb.org/us/fl/boynton-beach/profile/construction-services/suncoast-contractors-emergency-service-inc-0633-92021133
,"Triumph Property Services, Inc.",,(561) 834-7739,"561) 834-7739 3600 S Congress Ave STE L , Boynton Beach, FL 33426",mold remediation,https://www.bbb.org/us/fl/boynton-beach/profile/mold-removal/triumph-property-services-inc-0633-92017563
,"Healthier Indoor Air, Inc.",,(561) 641-5966,"561) 641-5966 6788 Hendry Dr , Lake Worth, FL 33463",mold remediation,https://www.bbb.org/us/fl/lake-worth/profile/mold-remediation/healthier-indoor-air-inc-0633-4009751
,"Stanley Steemer of South Florida, Inc.",,,"Boynton Beach, FL",mold remediation,https://www.bbb.org/us/fl/delray-beach/profile/carpet-and-rug-cleaners/stanley-steemer-of-south-florida-inc-0633-9742
,Shamrock Restoration,,(561) 275-5040,"561) 275-5040 1100 SW 10th St Ste L , Delray Beach, FL 33444",mold remediation,https://www.bbb.org/us/fl/delray-beach/profile/mold-remediation/shamrock-restoration-0633-90413388
,Preemptive Strike Environmental Inspections LLC,,,"Boynton Beach, FL",mold remediation,https://www.bbb.org/us/fl/lake-worth/profile/environmental-testing/preemptive-strike-environmental-inspections-llc-0633-90547839
,"Jaime's Construction Services, LLC",,,"Boynton Beach, FL",mold remediation,https://www.bbb.org/us/fl/palm-springs/profile/construction-services/jaimes-construction-services-llc-0633-90031092
,Eagle EyeMoldLLC,,(561) 654-1476,"561) 654-1476 902 Clint Moore Rd STE 120A , Boca Raton, FL 33487",mold remediation,https://www.bbb.org/us/fl/boca-raton/profile/mold-remediation/eagle-eye-mold-llc-0633-90567813
,ExpressMoldServices,,(561) 771-3272,"561) 771-3272 6560 W Rogers Cir STE 27 , Boca Raton, FL 33487",mold remediation,https://www.bbb.org/us/fl/boca-raton/profile/mold-remediation/express-emergency-services-inc-0633-90407093
,Spartan Restoration and Cleaning,,,"Boynton Beach, FL",mold remediation,https://www.bbb.org/us/fl/lake-worth-beach/profile/restoration-companies/spartan-restoration-and-cleaning-0633-92028521
,"J & R Restoration Services, Inc.",,,"Boynton Beach, FL",mold remediation,https://www.bbb.org/us/fl/boca-raton/profile/mold-remediation/j-r-restoration-services-inc-0633-90101727
,"Build Masters, LC",,(561) 757-6587,"561) 757-6587 2420 NW 1st Ave , Boca Raton, FL 33431",mold remediation,https://www.bbb.org/us/fl/boca-raton/profile/construction-services/build-masters-lc-0633-92012788
,A PlusMoldRemediationInc.,,(561) 247-3506,"561) 247-3506 PO Box 210981 , Royal Palm Beach, FL 33421",mold remediation,https://www.bbb.org/us/fl/royal-palm-beach/profile/mold-remediation/a-plus-mold-remediation-inc-0633-90540570
,TheMoldInspector,,(954) 650-6742,"954) 650-6742 7108 Beracasa Way. Ste.280 , Boca Raton, FL 33433",mold remediation,https://www.bbb.org/us/fl/boca-raton/profile/mold-inspection/the-mold-inspector-0633-7003186/addressId/11703
,TheMoldInspector,,(954) 650-6742,"954) 650-6742 21613 Casa Monte Court , Boca Raton, FL 33433",mold remediation,https://www.bbb.org/us/fl/boca-raton/profile/mold-inspection/the-mold-inspector-0633-7003186
,PLUMR24-Rolling Rooter,,(844) 758-6724,"844) 758-6724 200 Glades Rd STE 2 , Boca Raton, FL 33432",mold remediation,https://www.bbb.org/us/fl/boca-raton/profile/plumber/plumr24-rolling-rooter-0633-90303068
,Thunder Restoration LLC,,,"Boynton Beach, FL",mold remediation,https://www.bbb.org/us/fl/west-palm-beach/profile/water-damage-restoration/thunder-restoration-llc-0633-90602980
,"Certified Inspectors, LLC",,(561) 570-6311,"561) 570-6311 11419 W Palmetto Park Rd STE 971032 , Boca Raton, FL 33497",mold remediation,https://www.bbb.org/us/fl/boca-raton/profile/home-inspection/certified-inspectors-llc-0633-90568616
,"BiobustersRemediation, LLC",,(561) 570-7755,"561) 570-7755 2054 Vista Pkwy Ste 400 , West Palm Beach, FL 33411",mold remediation,https://www.bbb.org/us/fl/west-palm-beach/profile/mold-remediation/biobusters-remediation-llc-0633-90583105
,"Titan Restoration Construction, Inc",,(561) 345-3751,"561) 345-3751 2701 Vista Pkwy Ste A7 , West Palm Beach, FL 33411",mold remediation,https://www.bbb.org/us/fl/west-palm-beach/profile/general-contractor/titan-restoration-construction-inc-0633-90310042
,GC General Inc.,,(786) 250-2020,"786) 250-2020 11230 Model Cir W , Boca Raton, FL 33428",mold remediation,https://www.bbb.org/us/fl/boca-raton/profile/general-contractor/gc-general-inc-0633-92023692
,"All Claims Repairs, LLC",,(954) 456-6060,"954) 456-6060 426 SW 12th Ave , Deerfield Beach, FL 33442",mold remediation,https://www.bbb.org/us/fl/deerfield-beach/profile/fire-water-damage-restoration/all-claims-repairs-llc-0633-92038874/addressId/183843
,ASAP Restoration Corp.,,(954) 719-7013,"954) 719-7013 1805 S Powerline Rd STE A-106 , Deerfield Beach, FL 33442",mold remediation,https://www.bbb.org/us/fl/deerfield-beach/profile/mold-removal/asap-restoration-corp-0633-90140897
,"Sani Effect Environmental, Inc",,(561) 621-7264,"561) 621-7264 2755 Vista Parkway , West Palm Beach, FL 33411",mold remediation,https://www.bbb.org/us/fl/west-palm-beach/profile/mold-remediation/sani-effect-environmental-inc-0633-90582107/addressId/121406
,Dri-Air Restoration LLC,,(561) 800-0270,"561) 800-0270 10698 Bobbie Ln , Royal Palm Beach, FL 33411",mold remediation,https://www.bbb.org/us/fl/royal-palm-beach/profile/mold-remediation/dri-air-restoration-llc-0633-90567206
,Nuno Cabral Consulting Services LLC,,(561) 502-0095,"561) 502-0095 9314 Forest Hill Blvd STE 20 , Wellington, FL 33411",mold remediation,https://www.bbb.org/us/fl/wellington/profile/handyman/nuno-cabral-consulting-services-llc-0633-90563726
,"TravisMoldAssessor, LLC",,(954) 410-3671,"954) 410-3671 5287 NE 14th Ter , Pompano Beach, FL 33064",mold remediation,https://www.bbb.org/us/fl/pompano-beach/profile/mold-inspection/travis-mold-assessor-llc-0633-92032268
,"Res-Pro, LLC",,(833) 737-7760,"833) 737-7760 1717 SW 1st Way Ste 17 , Deerfield Beach, FL 33441",mold remediation,https://www.bbb.org/us/fl/deerfield-beach/profile/water-damage-restoration/res-pro-llc-0633-92045519
,"Dean Mitchell Restoration, Inc.",,(561) 881-8567,"561) 881-8567 3220 45th St # B , West Palm Beach, FL 33407",mold remediation,https://www.bbb.org/us/fl/west-palm-beach/profile/restoration-companies/dean-mitchell-restoration-inc-0633-90120162
,Preemptive Strike Environmental Inspections LLC,,,"Lake Worth, FL",mold remediation,https://www.bbb.org/us/fl/lake-worth/profile/environmental-testing/preemptive-strike-environmental-inspections-llc-0633-90547839
,"Jaime's Construction Services, LLC",,,"Lake Worth, FL",mold remediation,https://www.bbb.org/us/fl/palm-springs/profile/construction-services/jaimes-construction-services-llc-0633-90031092
,"Healthier Indoor Air, Inc.",,(561) 641-5966,"561) 641-5966 6788 Hendry Dr , Lake Worth, FL 33463",mold remediation,https://www.bbb.org/us/fl/lake-worth/profile/mold-remediation/healthier-indoor-air-inc-0633-4009751
,Spartan Restoration and Cleaning,,,"Lake Worth, FL",mold remediation,https://www.bbb.org/us/fl/lake-worth-beach/profile/restoration-companies/spartan-restoration-and-cleaning-0633-92028521
,"Triumph Property Services, Inc.",,(561) 834-7739,"561) 834-7739 3600 S Congress Ave STE L , Boynton Beach, FL 33426",mold remediation,https://www.bbb.org/us/fl/boynton-beach/profile/mold-removal/triumph-property-services-inc-0633-92017563
,Thunder Restoration LLC,,,"Lake Worth, FL",mold remediation,https://www.bbb.org/us/fl/west-palm-beach/profile/water-damage-restoration/thunder-restoration-llc-0633-90602980
,"Red Line Restoration,Inc",,,"Lake Worth, FL",mold remediation,https://www.bbb.org/us/fl/boynton-beach/profile/mold-remediation/red-line-restorationinc-0633-90564946
,MoldRemediationAnd Water Restoration Pros,,,"Lake Worth, FL",mold remediation,https://www.bbb.org/us/fl/boynton-beach/profile/construction-services/suncoast-contractors-emergency-service-inc-0633-92021133
,"Titan Restoration Construction, Inc",,(561) 345-3751,"561) 345-3751 2701 Vista Pkwy Ste A7 , West Palm Beach, FL 33411",mold remediation,https://www.bbb.org/us/fl/west-palm-beach/profile/general-contractor/titan-restoration-construction-inc-0633-90310042
,A PlusMoldRemediationInc.,,(561) 247-3506,"561) 247-3506 PO Box 210981 , Royal Palm Beach, FL 33421",mold remediation,https://www.bbb.org/us/fl/royal-palm-beach/profile/mold-remediation/a-plus-mold-remediation-inc-0633-90540570
,"BiobustersRemediation, LLC",,(561) 570-7755,"561) 570-7755 2054 Vista Pkwy Ste 400 , West Palm Beach, FL 33411",mold remediation,https://www.bbb.org/us/fl/west-palm-beach/profile/mold-remediation/biobusters-remediation-llc-0633-90583105
,"Stanley Steemer of South Florida, Inc.",,,"Lake Worth, FL",mold remediation,https://www.bbb.org/us/fl/delray-beach/profile/carpet-and-rug-cleaners/stanley-steemer-of-south-florida-inc-0633-9742
,"Dean Mitchell Restoration, Inc.",,(561) 881-8567,"561) 881-8567 3220 45th St # B , West Palm Beach, FL 33407",mold remediation,https://www.bbb.org/us/fl/west-palm-beach/profile/restoration-companies/dean-mitchell-restoration-inc-0633-90120162
,Shamrock Restoration,,(561) 275-5040,"561) 275-5040 1100 SW 10th St Ste L , Delray Beach, FL 33444",mold remediation,https://www.bbb.org/us/fl/delray-beach/profile/mold-remediation/shamrock-restoration-0633-90413388
,"Sani Effect Environmental, Inc",,(561) 621-7264,"561) 621-7264 2755 Vista Parkway , West Palm Beach, FL 33411",mold remediation,https://www.bbb.org/us/fl/west-palm-beach/profile/mold-remediation/sani-effect-environmental-inc-0633-90582107/addressId/121406
,Dri-Air Restoration LLC,,(561) 800-0270,"561) 800-0270 10698 Bobbie Ln , Royal Palm Beach, FL 33411",mold remediation,https://www.bbb.org/us/fl/royal-palm-beach/profile/mold-remediation/dri-air-restoration-llc-0633-90567206
,Nuno Cabral Consulting Services LLC,,(561) 502-0095,"561) 502-0095 9314 Forest Hill Blvd STE 20 , Wellington, FL 33411",mold remediation,https://www.bbb.org/us/fl/wellington/profile/handyman/nuno-cabral-consulting-services-llc-0633-90563726
,Eagle EyeMoldLLC,,(561) 654-1476,"561) 654-1476 902 Clint Moore Rd STE 120A , Boca Raton, FL 33487",mold remediation,https://www.bbb.org/us/fl/boca-raton/profile/mold-remediation/eagle-eye-mold-llc-0633-90567813
,ExpressMoldServices,,(561) 771-3272,"561) 771-3272 6560 W Rogers Cir STE 27 , Boca Raton, FL 33487",mold remediation,https://www.bbb.org/us/fl/boca-raton/profile/mold-remediation/express-emergency-services-inc-0633-90407093
,"MoldOnly, Inc",,(866) 591-6653,"866) 591-6653 1233 Old Dixie Hwy STE 6 , Lake Park, FL 33403",mold remediation,https://www.bbb.org/us/fl/lake-park/profile/mold-removal/mold-only-inc-0633-92003961
,A-TeamRemediationServices Inc.,,(561) 568-5886,"561) 568-5886 13759 Temple Blvd , West Palm Beach, FL 33412",mold remediation,https://www.bbb.org/us/fl/west-palm-beach/profile/water-damage-restoration/a-team-remediation-services-inc-0633-90357825
,The Phoenix Restoration LLC,,(561) 779-2713,"Lake Worth, FL",mold remediation,https://www.bbb.org/us/fl/west-palm-beach/profile/mold-remediation/the-phoenix-restoration-llc-0633-92026436
,"J & R Restoration Services, Inc.",,,"Lake Worth, FL",mold remediation,https://www.bbb.org/us/fl/boca-raton/profile/mold-remediation/j-r-restoration-services-inc-0633-90101727
,"Build Masters, LC",,(561) 757-6587,"561) 757-6587 2420 NW 1st Ave , Boca Raton, FL 33431",mold remediation,https://www.bbb.org/us/fl/boca-raton/profile/construction-services/build-masters-lc-0633-92012788
,MoldAnd Water Florida Inc,,(561) 221-2335,"561) 221-2335 4440 PGA Blvd Suite 600 , Palm Beach Gardens, FL 33410",mold remediation,https://www.bbb.org/us/fl/palm-beach-gardens/profile/mold-inspection/mold-and-water-florida-inc-0633-92048840
,Fundisa Restoration Group,,(561) 352-3640,"561) 352-3640 931 Village Blvd # 905-168 , West Palm Beach, FL 33408",mold remediation,https://www.bbb.org/us/fl/west-palm-beach/profile/mold-removal/fundisa-restoration-group-0633-90316069
,TheMoldInspector,,(954) 650-6742,"954) 650-6742 7108 Beracasa Way. Ste.280 , Boca Raton, FL 33433",mold remediation,https://www.bbb.org/us/fl/boca-raton/profile/mold-inspection/the-mold-inspector-0633-7003186/addressId/11703
,TheMoldInspector,,(954) 650-6742,"954) 650-6742 21613 Casa Monte Court , Boca Raton, FL 33433",mold remediation,https://www.bbb.org/us/fl/boca-raton/profile/mold-inspection/the-mold-inspector-0633-7003186
,PLUMR24-Rolling Rooter,,(844) 758-6724,"844) 758-6724 200 Glades Rd STE 2 , Boca Raton, FL 33432",mold remediation,https://www.bbb.org/us/fl/boca-raton/profile/plumber/plumr24-rolling-rooter-0633-90303068
,"Certified Inspectors, LLC",,(561) 570-6311,"561) 570-6311 11419 W Palmetto Park Rd STE 971032 , Boca Raton, FL 33497",mold remediation,https://www.bbb.org/us/fl/boca-raton/profile/home-inspection/certified-inspectors-llc-0633-90568616
,A PlusMoldRemediationInc.,,(561) 247-3506,"561) 247-3506 PO Box 210981 , Royal Palm Beach, FL 33421",mold remediation,https://www.bbb.org/us/fl/royal-palm-beach/profile/mold-remediation/a-plus-mold-remediation-inc-0633-90540570
,"BiobustersRemediation, LLC",,(561) 570-7755,"561) 570-7755 2054 Vista Pkwy Ste 400 , West Palm Beach, FL 33411",mold remediation,https://www.bbb.org/us/fl/west-palm-beach/profile/mold-remediation/biobusters-remediation-llc-0633-90583105
,"Healthier Indoor Air, Inc.",,(561) 641-5966,"561) 641-5966 6788 Hendry Dr , Lake Worth, FL 33463",mold remediation,https://www.bbb.org/us/fl/lake-worth/profile/mold-remediation/healthier-indoor-air-inc-0633-4009751
,Nuno Cabral Consulting Services LLC,,(561) 502-0095,"561) 502-0095 9314 Forest Hill Blvd STE 20 , Wellington, FL 33411",mold remediation,https://www.bbb.org/us/fl/wellington/profile/handyman/nuno-cabral-consulting-services-llc-0633-90563726
,"Sani Effect Environmental, Inc",,(561) 621-7264,"561) 621-7264 2755 Vista Parkway , West Palm Beach, FL 33411",mold remediation,https://www.bbb.org/us/fl/west-palm-beach/profile/mold-remediation/sani-effect-environmental-inc-0633-90582107/addressId/121406
,Dri-Air Restoration LLC,,(561) 800-0270,"561) 800-0270 10698 Bobbie Ln , Royal Palm Beach, FL 33411",mold remediation,https://www.bbb.org/us/fl/royal-palm-beach/profile/mold-remediation/dri-air-restoration-llc-0633-90567206
,"Titan Restoration Construction, Inc",,(561) 345-3751,"561) 345-3751 2701 Vista Pkwy Ste A7 , West Palm Beach, FL 33411",mold remediation,https://www.bbb.org/us/fl/west-palm-beach/profile/general-contractor/titan-restoration-construction-inc-0633-90310042
,Preemptive Strike Environmental Inspections LLC,,,"Wellington, FL",mold remediation,https://www.bbb.org/us/fl/lake-worth/profile/environmental-testing/preemptive-strike-environmental-inspections-llc-0633-90547839
,"Jaime's Construction Services, LLC",,,"Wellington, FL",mold remediation,https://www.bbb.org/us/fl/palm-springs/profile/construction-services/jaimes-construction-services-llc-0633-90031092
,"Red Line Restoration,Inc",,,"Wellington, FL",mold remediation,https://www.bbb.org/us/fl/boynton-beach/profile/mold-remediation/red-line-restorationinc-0633-90564946
,Spartan Restoration and Cleaning,,,"Wellington, FL",mold remediation,https://www.bbb.org/us/fl/lake-worth-beach/profile/restoration-companies/spartan-restoration-and-cleaning-0633-92028521
,Thunder Restoration LLC,,,"Wellington, FL",mold remediation,https://www.bbb.org/us/fl/west-palm-beach/profile/water-damage-restoration/thunder-restoration-llc-0633-90602980
,The Phoenix Restoration LLC,,(561) 779-2713,"Wellington, FL",mold remediation,https://www.bbb.org/us/fl/west-palm-beach/profile/mold-remediation/the-phoenix-restoration-llc-0633-92026436
,A-TeamRemediationServices Inc.,,(561) 568-5886,"561) 568-5886 13759 Temple Blvd , West Palm Beach, FL 33412",mold remediation,https://www.bbb.org/us/fl/west-palm-beach/profile/water-damage-restoration/a-team-remediation-services-inc-0633-90357825
,"Dean Mitchell Restoration, Inc.",,(561) 881-8567,"561) 881-8567 3220 45th St # B , West Palm Beach, FL 33407",mold remediation,https://www.bbb.org/us/fl/west-palm-beach/profile/restoration-companies/dean-mitchell-restoration-inc-0633-90120162
,"Triumph Property Services, Inc.",,(561) 834-7739,"561) 834-7739 3600 S Congress Ave STE L , Boynton Beach, FL 33426",mold remediation,https://www.bbb.org/us/fl/boynton-beach/profile/mold-removal/triumph-property-services-inc-0633-92017563
,MoldRemediationAnd Water Restoration Pros,,,"Wellington, FL",mold remediation,https://www.bbb.org/us/fl/boynton-beach/profile/construction-services/suncoast-contractors-emergency-service-inc-0633-92021133
,"MoldOnly, Inc",,(866) 591-6653,"866) 591-6653 1233 Old Dixie Hwy STE 6 , Lake Park, FL 33403",mold remediation,https://www.bbb.org/us/fl/lake-park/profile/mold-removal/mold-only-inc-0633-92003961
,"Stanley Steemer of South Florida, Inc.",,,"Wellington, FL",mold remediation,https://www.bbb.org/us/fl/delray-beach/profile/carpet-and-rug-cleaners/stanley-steemer-of-south-florida-inc-0633-9742
,MoldAnd Water Florida Inc,,(561) 221-2335,"561) 221-2335 4440 PGA Blvd Suite 600 , Palm Beach Gardens, FL 33410",mold remediation,https://www.bbb.org/us/fl/palm-beach-gardens/profile/mold-inspection/mold-and-water-florida-inc-0633-92048840
,Shamrock Restoration,,(561) 275-5040,"561) 275-5040 1100 SW 10th St Ste L , Delray Beach, FL 33444",mold remediation,https://www.bbb.org/us/fl/delray-beach/profile/mold-remediation/shamrock-restoration-0633-90413388
,Fundisa Restoration Group,,(561) 352-3640,"561) 352-3640 931 Village Blvd # 905-168 , West Palm Beach, FL 33408",mold remediation,https://www.bbb.org/us/fl/west-palm-beach/profile/mold-removal/fundisa-restoration-group-0633-90316069
,Eagle EyeMoldLLC,,(561) 654-1476,"561) 654-1476 902 Clint Moore Rd STE 120A , Boca Raton, FL 33487",mold remediation,https://www.bbb.org/us/fl/boca-raton/profile/mold-remediation/eagle-eye-mold-llc-0633-90567813
,ExpressMoldServices,,(561) 771-3272,"561) 771-3272 6560 W Rogers Cir STE 27 , Boca Raton, FL 33487",mold remediation,https://www.bbb.org/us/fl/boca-raton/profile/mold-remediation/express-emergency-services-inc-0633-90407093
,"J & R Restoration Services, Inc.",,,"Wellington, FL",mold remediation,https://www.bbb.org/us/fl/boca-raton/profile/mold-remediation/j-r-restoration-services-inc-0633-90101727
,"Build Masters, LC",,(561) 757-6587,"561) 757-6587 2420 NW 1st Ave , Boca Raton, FL 33431",mold remediation,https://www.bbb.org/us/fl/boca-raton/profile/construction-services/build-masters-lc-0633-92012788
,Fides Restoration LLC,,(561) 203-6083,"561) 203-6083 1475 Park Ln S Ste 3 , Jupiter, FL 33458",mold remediation,https://www.bbb.org/us/fl/jupiter/profile/restoration-companies/fides-restoration-llc-0633-92032614
,"Certified Inspectors, LLC",,(561) 570-6311,"561) 570-6311 11419 W Palmetto Park Rd STE 971032 , Boca Raton, FL 33497",mold remediation,https://www.bbb.org/us/fl/boca-raton/profile/home-inspection/certified-inspectors-llc-0633-90568616
,TheMoldInspector,,(954) 650-6742,"954) 650-6742 7108 Beracasa Way. Ste.280 , Boca Raton, FL 33433",mold remediation,https://www.bbb.org/us/fl/boca-raton/profile/mold-inspection/the-mold-inspector-0633-7003186/addressId/11703
,TheMoldInspector,,(954) 650-6742,"954) 650-6742 21613 Casa Monte Court , Boca Raton, FL 33433",mold remediation,https://www.bbb.org/us/fl/boca-raton/profile/mold-inspection/the-mold-inspector-0633-7003186
,"MoldOnly, Inc",,(866) 591-6653,"866) 591-6653 1233 Old Dixie Hwy STE 6 , Lake Park, FL 33403",mold remediation,https://www.bbb.org/us/fl/lake-park/profile/mold-removal/mold-only-inc-0633-92003961
,MoldAnd Water Florida Inc,,(561) 221-2335,"561) 221-2335 4440 PGA Blvd Suite 600 , Palm Beach Gardens, FL 33410",mold remediation,https://www.bbb.org/us/fl/palm-beach-gardens/profile/mold-inspection/mold-and-water-florida-inc-0633-92048840
,Fundisa Restoration Group,,(561) 352-3640,"561) 352-3640 931 Village Blvd # 905-168 , West Palm Beach, FL 33408",mold remediation,https://www.bbb.org/us/fl/west-palm-beach/profile/mold-removal/fundisa-restoration-group-0633-90316069
,"Dean Mitchell Restoration, Inc.",,(561) 881-8567,"561) 881-8567 3220 45th St # B , West Palm Beach, FL 33407",mold remediation,https://www.bbb.org/us/fl/west-palm-beach/profile/restoration-companies/dean-mitchell-restoration-inc-0633-90120162
,"Titan Restoration Construction, Inc",,(561) 345-3751,"561) 345-3751 2701 Vista Pkwy Ste A7 , West Palm Beach, FL 33411",mold remediation,https://www.bbb.org/us/fl/west-palm-beach/profile/general-contractor/titan-restoration-construction-inc-0633-90310042
,A-TeamRemediationServices Inc.,,(561) 568-5886,"561) 568-5886 13759 Temple Blvd , West Palm Beach, FL 33412",mold remediation,https://www.bbb.org/us/fl/west-palm-beach/profile/water-damage-restoration/a-team-remediation-services-inc-0633-90357825
,Thunder Restoration LLC,,,"Riviera Beach, FL",mold remediation,https://www.bbb.org/us/fl/west-palm-beach/profile/water-damage-restoration/thunder-restoration-llc-0633-90602980
,Fides Restoration LLC,,(561) 203-6083,"561) 203-6083 1475 Park Ln S Ste 3 , Jupiter, FL 33458",mold remediation,https://www.bbb.org/us/fl/jupiter/profile/restoration-companies/fides-restoration-llc-0633-92032614
,"Sani Effect Environmental, Inc",,(561) 621-7264,"561) 621-7264 2755 Vista Parkway , West Palm Beach, FL 33411",mold remediation,https://www.bbb.org/us/fl/west-palm-beach/profile/mold-remediation/sani-effect-environmental-inc-0633-90582107/addressId/121406
,Dri-Air Restoration LLC,,(561) 800-0270,"561) 800-0270 10698 Bobbie Ln , Royal Palm Beach, FL 33411",mold remediation,https://www.bbb.org/us/fl/royal-palm-beach/profile/mold-remediation/dri-air-restoration-llc-0633-90567206
,Nuno Cabral Consulting Services LLC,,(561) 502-0095,"561) 502-0095 9314 Forest Hill Blvd STE 20 , Wellington, FL 33411",mold remediation,https://www.bbb.org/us/fl/wellington/profile/handyman/nuno-cabral-consulting-services-llc-0633-90563726
,"USMold, Inc.",,(561) 748-2223,"561) 748-2223 612 N Orange Ave STE A4 , Jupiter, FL 33458",mold remediation,https://www.bbb.org/us/fl/jupiter/profile/mold-remediation/us-mold-inc-0633-26002977
,"MR 1 Source, LLC",,(561) 210-9494,"561) 210-9494 600 Capital St STE G , Jupiter, FL 33458",mold remediation,https://www.bbb.org/us/fl/jupiter/profile/mold-remediation/mr-1-source-llc-0633-90583300
,Top Flight Property Restoration LLC,,,"Riviera Beach, FL",mold remediation,https://www.bbb.org/us/fl/jupiter/profile/restoration-companies/top-flight-property-restoration-llc-0633-92028639
,The Phoenix Restoration LLC,,(561) 779-2713,"Riviera Beach, FL",mold remediation,https://www.bbb.org/us/fl/west-palm-beach/profile/mold-remediation/the-phoenix-restoration-llc-0633-92026436
,"BiobustersRemediation, LLC",,(561) 570-7755,"561) 570-7755 2054 Vista Pkwy Ste 400 , West Palm Beach, FL 33411",mold remediation,https://www.bbb.org/us/fl/west-palm-beach/profile/mold-remediation/biobusters-remediation-llc-0633-90583105
,A PlusMoldRemediationInc.,,(561) 247-3506,"561) 247-3506 PO Box 210981 , Royal Palm Beach, FL 33421",mold remediation,https://www.bbb.org/us/fl/royal-palm-beach/profile/mold-remediation/a-plus-mold-remediation-inc-0633-90540570
,Spartan Restoration and Cleaning,,,"Riviera Beach, FL",mold remediation,https://www.bbb.org/us/fl/lake-worth-beach/profile/restoration-companies/spartan-restoration-and-cleaning-0633-92028521
,Preemptive Strike Environmental Inspections LLC,,,"Riviera Beach, FL",mold remediation,https://www.bbb.org/us/fl/lake-worth/profile/environmental-testing/preemptive-strike-environmental-inspections-llc-0633-90547839
,"Jaime's Construction Services, LLC",,,"Riviera Beach, FL",mold remediation,https://www.bbb.org/us/fl/palm-springs/profile/construction-services/jaimes-construction-services-llc-0633-90031092
,"Healthier Indoor Air, Inc.",,(561) 641-5966,"561) 641-5966 6788 Hendry Dr , Lake Worth, FL 33463",mold remediation,https://www.bbb.org/us/fl/lake-worth/profile/mold-remediation/healthier-indoor-air-inc-0633-4009751
,"Triumph Property Services, Inc.",,(561) 834-7739,"561) 834-7739 3600 S Congress Ave STE L , Boynton Beach, FL 33426",mold remediation,https://www.bbb.org/us/fl/boynton-beach/profile/mold-removal/triumph-property-services-inc-0633-92017563
,"Red Line Restoration,Inc",,,"Riviera Beach, FL",mold remediation,https://www.bbb.org/us/fl/boynton-beach/profile/mold-remediation/red-line-restorationinc-0633-90564946
,MoldRemediationAnd Water Restoration Pros,,,"Riviera Beach, FL",mold remediation,https://www.bbb.org/us/fl/boynton-beach/profile/construction-services/suncoast-contractors-emergency-service-inc-0633-92021133
,Coastal Property Restoration,,,"Riviera Beach, FL",mold remediation,https://www.bbb.org/us/fl/stuart/profile/fire-water-damage-restoration/coastal-property-restoration-0633-92015630
,"Stanley Steemer of South Florida, Inc.",,,"Riviera Beach, FL",mold remediation,https://www.bbb.org/us/fl/delray-beach/profile/carpet-and-rug-cleaners/stanley-steemer-of-south-florida-inc-0633-9742
,Shamrock Restoration,,(561) 275-5040,"561) 275-5040 1100 SW 10th St Ste L , Delray Beach, FL 33444",mold remediation,https://www.bbb.org/us/fl/delray-beach/profile/mold-remediation/shamrock-restoration-0633-90413388
,Eagle EyeMoldLLC,,(561) 654-1476,"561) 654-1476 902 Clint Moore Rd STE 120A , Boca Raton, FL 33487",mold remediation,https://www.bbb.org/us/fl/boca-raton/profile/mold-remediation/eagle-eye-mold-llc-0633-90567813
,ExpressMoldServices,,(561) 771-3272,"561) 771-3272 6560 W Rogers Cir STE 27 , Boca Raton, FL 33487",mold remediation,https://www.bbb.org/us/fl/boca-raton/profile/mold-remediation/express-emergency-services-inc-0633-90407093
,"Home & Beyond Services, LLC",,(772) 877-9898,"772) 877-9898 840 SE 14th St , Stuart, FL 34994",mold remediation,https://www.bbb.org/us/fl/stuart/profile/handyman/home-beyond-services-llc-0633-92031089
